saulsilva@gmail.com#saul
joao@gmail.com#joao
Mickey@gmail.com#Mickey
archi@gmail.com#archibald
roberto@cp#roberto
donald@gmail.com#donald
sophia@gmail.com#sophia
rosmaninho@gmail.com#rosmaninho
